sr. no.,username,user id,name,group,Status
1,nomadd87,5020972398,Denislav,kiberhora,20230110
2,klonka,1942441010,Shtripcip,kiberhora,20230110
3,FireBladetrg,1212428921,Veselin,kiberhora,20230110
4,Danata8,896378039,Danata,kiberhora,20230110
5,Competence009,1679168061,Competence,kiberhora,20230110
6,KiberHoraBot,5736547494,CyberBot,kiberhora,20230110
7,nnikolovdev,1746094727,NN,kiberhora,20230110
8,Joro1313,2043835026,Georgi,kiberhora,20230110
9,jaxuks,1707578370,Pfizer7878,kiberhora,20230110
10,Niksh11,5060874783,Nik,kiberhora,20230110
11,DJshazam,2138075171,DJshazam,kiberhora,20230110
12,Ash112212,5901151772,Ash,kiberhora,20230110
13,dexter12345678912,5824617119,Dexter,kiberhora,20230110
14,Ivanivanov9001,5273395696,Ivan,kiberhora,20230110
15,faith771100,5947735467,Faith,kiberhora,20230110
16,angelogabby_gabby,5578669880,Angelo,kiberhora,20230110
17,RebeccaTey,5100563976,Rebecca,kiberhora,20230110
18,killer9729,5847793937,AARON...,kiberhora,20230110
19,Anonymous_GG,5628383771,‚ò†Ô∏èùêÄùêçùêéùêçùïêùïÑùî∏ùïÜùïåùïä,kiberhora,20230110
20,jamesjrry,5776982611,Ancheloti,kiberhora,20230110
21,shmry7z,235098881,7777,kiberhora,20230110
22,radulitu,5475981319,Radoslav,kiberhora,20230110
23,SusScanbot,5555128584,SUSBOT,kiberhora,20230110
24,TheFkingMobyDick,1917460303,Moby,kiberhora,20230110
25,bonscy,2135814845,fest uo,kiberhora,20230109
26,MichaeL_Co0L,5188225491,MicHaeL_CoOL,kiberhora,20230110
27,Greedy_Fish,1477684819,S-core load üü•,kiberhora,20230110
28,yovkov,1071135479,Yovkov,kiberhora,20230110
29,milenos007,1964705094,milenos007,kiberhora,20230110
30,ILIALAZAROV,1874053296,ILIYA,kiberhora,20230110
31,DipDipHooray,730564879,DipDipHooray,kiberhora,20230110
32,boyan11111,1651363931,Boyan,kiberhora,20230109
33,Crypt0_Ninja,314838833,Crypt0Ninja ‚àû,kiberhora,20230110
34,Petar_Sh,1439921771,Petyofi The ZmIeNoSeZ,kiberhora,20230109
35,lanselot19811,5659036714,GK,kiberhora,20230110
36,P5KOV,1800281701,ùó£ùü±ùóûùó¢ùó©,kiberhora,20230110
37,Greedy_Goblin,716112214,Gecata,kiberhora,20230110
38,MV_8th_streets,2050994759,M,kiberhora,20230110
39,L0patar,1983402330,Mr.,kiberhora,20230110
40,muchogusto1,5078578994,White,kiberhora,20230110
41,BackoRocky,1095636819,Backo | SHI20 |,kiberhora,20230110
42,Nikolay0879,244734092,Nikolay,kiberhora,20230110
43,aleksandurgruev,903392765,Crypto,kiberhora,20230110
44,andromirchev,1808354083,Andrey,kiberhora,20230110
45,Angel_K_K,1049660699,Angel,kiberhora,20230110
46,tvlahliev,1349339573,Todor,kiberhora,20230110
47,Aykmeood,1923867447,Ay-km,kiberhora,20230110
48,m0rb1t,1069714556,Krein,kiberhora,20230109
49,Etherfall,1455926706,Petar - DDAO Lead,kiberhora,20230110
50,mnestorov,5816965343,Martin,kiberhora,20230110
51,yanbibiyan,5840035698,Angel,kiberhora,20230105
52,yannpink,1409586087,Yann K.O. (PinkSale),kiberhora,20230105
53,Stay_True_13,5288305850,Stay,kiberhora,20230110
54,CryptoGuru_Official,530381602,Georgi,kiberhora,20230110
55,FreshCat,726436643,FreshCat,kiberhora,20230110
56,yordantzonev,1747946773,Yordan Tzonev,kiberhora,20230110
57,SNSNNSN1,1467662295,Satoshi,kiberhora,20230110
58,Jaroh8r,2020695032,Ludiq,kiberhora,20230110
59,VerstappennN,5084455100,VerstappeN,kiberhora,20230110
60,rumen68,5092927313,kater68,kiberhora,20230110
61,zlatin_veselinov,467151853,Zlatin,kiberhora,20230110
62,Mitko66,1470738056,Bulgaria681,kiberhora,20230110
63,wolfforest,1250252373,–ú–∞—Å–∫–∞—Ç–∞,kiberhora,20230106
64,CryptoLobut,1625965978,Aleksandar,kiberhora,20230110
65,GsimeonovN,741916617,GSimeonov,kiberhora,20230110
66,Kostov68,892900147,Konstantin,kiberhora,20230110
67,b0n3v,98473437,b0n3v,kiberhora,20230110
68,petkov4744,2114350553,Tihomir,kiberhora,20230110
69,goshokk,1629274252,goshokk,kiberhora,20230110
70,user10005,1891151947,Krokodil,kiberhora,20230110
71,Roargd,1415684663,Roargard,kiberhora,20230110
72,Val4o88,976178989,Valentin,kiberhora,20230110
73,KamenCvetkov,1736631143,Kamen,kiberhora,20230110
74,Alnistz,1802305096,–∏–≤–∞–Ω,kiberhora,20230110
75,lucky572g,992419744,lucky,kiberhora,20230110
76,Koill1980,5141738739,Georgi,kiberhora,20230110
77,karamanski,1483244902,–ê–Ω–≥–µ–ªüáßüá¨,kiberhora,20230110
78,VBorislaV,5383514149,BorislavL,kiberhora,20230110
79,Boriana5,531377012,Boriana,kiberhora,20230110
80,NikiDichev,462163976,Nikolay,kiberhora,20230110
81,SSViresInNumeris,1407647621,PotatoKing,kiberhora,20230110
82,cryptoxbg,1452226539,Nikolay,kiberhora,20230110
83,Xantia1994,553452792,Rosen,kiberhora,20230110
84,Rado44,436497812,Radoslav,kiberhora,20230110
85,nikolayiliev,1284900117,Nikolay,kiberhora,20230110
86,NickKollev,2088717870,Nikolay,kiberhora,20230108
87,Boyanov13,5422404526,bobby,kiberhora,20230110
88,Anakin6666,1753616629,Anakin,kiberhora,20230110
89,Alchemista66,1481361938,Milen,kiberhora,20230110
90,bgrocket365,1278888501,KG,kiberhora,20230110
91,LyubomirKoraliev,357154057,Kazata,kiberhora,20230110
92,RozenU,2086763514,R,kiberhora,20230110
93,britneyfanboy,802363100,"Michael (üßëüèª‚Äçüé® , üìà)",kiberhora,20230110
94,LApestrong,1173961270,Louis Apestrong,kiberhora,20230110
95,PhilipTG,1857877248,Philipp,kiberhora,20230110
96,Nmb456,5313987172,nikil,kiberhora,20230110
97,zevsa94,1792338145,–ó–µ–≤—Å,kiberhora,20230103
98,Stevelan,1800669441,ReMoVe,kiberhora,20230110
99,buy_Ivan,1257278566,–ë–∞–π –ò–≤–∞–Ω,kiberhora,20230110
100,dlesss,5015509991,Dlsess,kiberhora,20230110
101,Phil_Rd,540911203,Philippa,kiberhora,20221211
102,MaX03699,5162214977,Max 369,kiberhora,20230110
103,Kolevcho,2011498483,–î–æ–±—Ä–æ–º–∏—Ä,kiberhora,20230110
104,RTotev,409849879,Rostislav,kiberhora,20230110
105,nicyy77,5667009912,Nicy,kiberhora,20221211
106,Theloner0,554802906,Plamen,kiberhora,20230110
107,StanLee42,34842748,JARVIS,kiberhora,20230110
108,ronilaz82,961582464,Veronika,kiberhora,20230110
109,GOSPODOV,5435985348,Pavel,kiberhora,20230110
110,vipuser88,1288007323,Marko,kiberhora,20230110
111,ssns_nsd,1153230204,Ssns_nsd,kiberhora,20230110
112,Pael100,1102046922,–ü–∞–µ–ª,kiberhora,20230110
113,MMerlia,1339066807,Mihaela,kiberhora,20230110
114,JustMi6o,756771436,JustMi6o,kiberhora,20230109
115,ETtheone1,5534053063,‚öú A ‚Ä¢ G ‚Ä¢ ƒê ‚Ä¢ A ‚Ä¢ N ‚Ä¢ I ‚Ä¢ A ‚Ä¢ N ‚öú,kiberhora,20230110
116,MITE4ETO,1717141202,MITE4ETO,kiberhora,20230110
117,OMFGO,148933875,MFG,kiberhora,20230110
118,him8sup,1582893445,POLKJC,kiberhora,20230110
119,dimecoiner,851712248,Lyubo,kiberhora,20230110
120,bnzzzz,5280846582,Bojidar,kiberhora,20230110
121,GoPlayCrYpt0,1306550048,GoPlayCrYpt0,kiberhora,20230110
122,IcoOne_100,1188196669,Hristo,kiberhora,20230110
123,Dido77man,5157891024,Dido77,kiberhora,20230110
124,Lilac_357,747483680,Iliana,kiberhora,20230110
125,Barioo33,1805616593,–ú—è—É,kiberhora,20230110
126,Botimir,408197340,Botimir,kiberhora,20230110
127,Hristina123,1718561796,Hristina,kiberhora,20230110
128,zzoorroozzoorroozz,5434673911,Zorro,kiberhora,20230110
129,differen71,1841752235,Alex,kiberhora,20230104
130,rocknrollaP,1582333609,Kaloyan Pavlov,kiberhora,20230109
131,DirtyDiesel13,1400460044,Dirty,kiberhora,20230109
132,MrSoundTV,1990070462,–®–º–∞—Ç–∫–æ–±–∞—Ä –°–∫–æ–±–∞—Ä–æ–≤,kiberhora,20230110
133,nozon93,5533078802,Nimbus7,kiberhora,20221214
134,ipkorn,2027526890,Ipkorn,kiberhora,20230110
135,zhelyazkovaaa,5981118342,Kremena,kiberhora,20230110
136,yasbgts,1602696072,Jason,kiberhora,20230109
137,Desi858,5368565771,Desi,kiberhora,20230110
138,todoranastasov,1526624432,Todor,kiberhora,20230110
139,BeedanX,1955595414,Daniel,kiberhora,20230110
140,VladDraculaaz,1192473657,Vlad Dracula,kiberhora,20230104
141,GrishaGrigorov14,873719043,Grisha,kiberhora,20230109
142,salamco90,672610107,St,kiberhora,20230110
143,randomzname,1114488869,Tyler,kiberhora,20230110
144,IvoBs,5064386339,Ivan,kiberhora,20230110
145,NikolaySakutov,792835760,Nikolay,kiberhora,20230110
146,maxZorZ,2098976415,Anastas,kiberhora,20230110
147,krasimircho,1952716625,KSI,kiberhora,20230110
148,youngbillionairs,1022631856,Y,kiberhora,20230110
149,Energing,2105132686,Kristiyan,kiberhora,20230110
150,zqbar,449415882,–¢.,kiberhora,20230110
151,FIRE_0000,5097135836,FIRE,kiberhora,20230110
152,Hermann9010,605260046,Hermann,kiberhora,20230110
153,VPagelski,2103721175,Vladimir,kiberhora,20230110
154,ShidoArms,1861409855,Georgi,kiberhora,20230109
155,KoiHiMoiHu,2003184006,KouHuMouHu,kiberhora,20230110
156,ronald9pump,638385100,Ronald Pump,kiberhora,20230110
157,TsvCrypto,2128108680,Tsvetelin,kiberhora,20230110
158,Mmmmmmmda,1054911984,Mm,kiberhora,20230110
159,TwiNDaD21,5570830662,Ivan,kiberhora,20230110
160,acetomov,1709364438,Ace,kiberhora,20230110
161,veblenone,791694687,Daniel Vu - Emperor of Gibraltar,kiberhora,20221222
162,Palamarov,5188272150,Ivan,kiberhora,20230110
163,danielnt90,1602299671,DANI,kiberhora,20230110
164,Sub_Zero_Wins,491784485,Sub Zero,kiberhora,20230110
165,BOBCH00,1377865543,Boby,kiberhora,20230110
166,LotteKOL,5440393371,Lotte |,kiberhora,20230110
167,combatshadow,1644686214,combatshadow,kiberhora,20230110
168,AngorRot,5543583198,Don,kiberhora,20230110
169,LTL1212,1866416957,Lazar,kiberhora,20230106
170,GusiGang,1201727524,Gusi Gang,kiberhora,20230103
171,JeanValjean12,767717660,georgi,kiberhora,20230110
172,malpheasant,1319512371,Malfeasant,kiberhora,20230103
173,StanGospodinov,5132832903,Stanimir,kiberhora,20230108
174,lenmire,5662984643,Tesoro Gruatemala,kiberhora,20230108
175,kkaloto,935063895,Kaloyan,kiberhora,20230109
176,mansory5,1968425140,Asd,kiberhora,20230103
177,ppettrov,789256347,ppetrov,kiberhora,20230110
178,Silentconnections,941922686,S.C.,kiberhora,20230110
179,Qsymbe,989776573,bAcetto,kiberhora,20230110
180,orbitem,1433533171,Georgi,kiberhora,20230110
181,flexaminagarcha,1747453540,NaShema,kiberhora,20230108
182,weeeezzzn,830418748,IP,kiberhora,20230110
183,IvayloMV,2116676992,I.V.,kiberhora,20230110
184,Moksabanshi,1918661436,M,kiberhora,20230109
185,chriss1975,1380503954,Chriss,kiberhora,20230110
186,manolov1984,448889444,Dimitar,kiberhora,20230110
187,Puffinpicks,444469875,Puffin,kiberhora,20230110
188,Tosheto,1727038707,Mr. T.,kiberhora,20230110
189,Teo0o0o0,849187144,Teo,kiberhora,20230110
190,Radohaema,604073802,Rado,kiberhora,20221223
191,xgaishb,766313484,Antonio,kiberhora,20230110
192,ImaLiParte,867951314,v,kiberhora,20230110
193,kkuukoo,1550521463,K,kiberhora,20230110
194,rosinka3,1391090259,Rositsa,kiberhora,20230109
195,DkWalker,5223761952,D,kiberhora,20230110
196,ivanmorski,1624735001,Ivan,kiberhora,20230110
197,cryptomonk777,1937320609,StayCalm,kiberhora,20230110
198,cryptobotev,2108266480,Crypto,kiberhora,20230110
199,manitoubg,778849947,CryptonBG,kiberhora,20230110
200,spensnqta,1200878703,Spensnqta,kiberhora,20230110
201,vanchester77,1561629389,Van,kiberhora,20230110
202,Defilam,2078567230,Boomer,kiberhora,20230110
203,InuNakamoro,1714233896,NaKuro,kiberhora,20230109
204,Stef316,1000620589,Stefan,kiberhora,20230110
205,CryptoHris,1132673195,CryptoHris,kiberhora,20230110
206,Stanchevbg1,1374590091,CTS,kiberhora,20230110
207,BIG_MONEY_MAKER_8,542752389,–î–º–∏—Ç—Ä–∏–π‚ö°,kiberhora,20230110
208,cIkLoNa,222548041,Muxo,kiberhora,20230110
209,valeto_p,1614439530,Popov (DP),kiberhora,20230110
210,Gamatoss13,1397842591,Gamatoss13,kiberhora,20230110
211,Kukurigu,1942776058,Kukurigu,kiberhora,20230110
212,Ultrasnotacriminal,889407962,032,kiberhora,20230110
213,MartinDMarinov,1154414037,Martin Marinov,kiberhora,20230110
214,Cryptowhalebot,331761115,CryptoWhale,kiberhora,20230110
215,D12455,2053509829,Deniss,kiberhora,20230103
216,Dr0kts,1188832347,Kaloyan I,kiberhora,20230110
217,Dido6400,618497510,Dido,kiberhora,20230110
218,Pazo36,5705164637,Plamen,kiberhora,20221211
219,Vladuslav_MEXC,5665932810,Vladyslav_MEXC,kiberhora,20221229
220,PaneMa4ko,1981184056,BoxerPi4,kiberhora,20230109
221,nikol8s,458606226,Nikolas,kiberhora,20221211
222,stan4ew,1411378828,Stan4ew,kiberhora,20230110
223,ju_lio_julio,5389430291,Julio,kiberhora,20230109
224,plamen111,2135139251,Plamen,kiberhora,20230110
225,Denko1555,331458294,denislav,kiberhora,20230110
226,EMTW3,5213852673,EMT-W3,kiberhora,20230110
227,Crypto2807,1715929414,Crypto28,kiberhora,20230110
228,Hoberstein,5725968471,Sava,kiberhora,20230106
229,BSHoff,5023013119,Biser,kiberhora,20230109
230,lachoz,1191217350,ùêãùêÄùêÇùêáùêéùêô,kiberhora,20230110
231,io6ko,1064988514,Yavor,kiberhora,20230110
232,goodvibess93,1562467377,‚Ñ¢ ‚àû,kiberhora,20230103
233,zhuglev,5598180065,I,kiberhora,20230110
234,icaka_icaka,279084713,Hristo,kiberhora,20230110
235,SonOfAzulon,1236919484,Iroh,kiberhora,20230110
236,RudiBahura,1314585568,rudi,kiberhora,20230110
237,krisSCAFF,1678281547,Kris,kiberhora,20230110
238,VladCholakov,5048123380,Vladimir,kiberhora,20230109
239,marin90,526447834,Marin,kiberhora,20230110
240,Doooom5,1650360563,Barbori,kiberhora,20230110
241,Ivkata76,1633285726,Ivaylo,kiberhora,20230108
242,IvayloNedyalkov,880915930,IvayloNedyalkov,kiberhora,20230110
243,Jana_Sh001,1967716808,Jana,kiberhora,20230110
244,shopovbg,1472446908,shopovbg,kiberhora,20230110
245,Baiwichi,1628096940,W,kiberhora,20230110
246,Exi2022,5489922464,Aleksandar,kiberhora,20230110
247,stanin1995,1990376869,D,kiberhora,20230110
248,richardym,1172865249,Richard,kiberhora,20230110
249,zdravko82,1245805411,Zdravko,kiberhora,20230110
250,Jnmiha,5486421065,Yordan,kiberhora,20230104
251,Akvo6,965353982,A,kiberhora,20230109
252,ChuckBGShido,5571935797,–ß—ä–∫ –ù–æ—Ä–∏—Å | üáßüá¨,kiberhora,20221102
253,BenStealler,546055571,Ben Stealer,kiberhora,20230110
254,Naspras,697630338,Nas,kiberhora,20230110
255,DragoGeorgiev,774731842,Dragomir,kiberhora,20230110
256,EBIUCHI,1244387274,EBUCHI,kiberhora,20230110
257,angelodelsol,1372030178,achka,kiberhora,20230109
258,Angelina_Klincheva,1534463710,Angelina,kiberhora,20230110
259,Dalgia666,22874368,Stoyan,kiberhora,20230110
260,VitaliyMTB,590816331,Vitaliy,kiberhora,20230110
261,todorov056,1704223982,Todor,kiberhora,20230110
262,KrasenKunev,1048581667,Krasen,kiberhora,20230110
263,trend712,2104328443,kukundrel,kiberhora,20230110
264,Rand0m9,1018487440,Random9,kiberhora,20230109
265,VV_truesight,5034855464,VDraganoV,kiberhora,20230110
266,Tryncho,1655606340,Petar,kiberhora,20221211
267,valkov1989,1268273376,Ivan,kiberhora,20230103
268,Dpetkow69,1021118688,ü´•,kiberhora,20230110
269,Krisikg,535801669,Krisi,kiberhora,20230110
270,luboatanasov,260016044,lubo,kiberhora,20230108
271,panev1,849018057,Alexander,kiberhora,20230101
272,Dr_Ellee_Mareenova,5694967261,Dr Ellee,kiberhora,20230101
273,Bello_bellisimmo,1787551663,Toni,kiberhora,20221211
274,iiiiiIPiiiii,1725893453,IP,kiberhora,20230110
275,hristonkin,5641256698,Kkliment,kiberhora,20230108
276,Todkata,1093559759,Tod,kiberhora,20230110
277,Petar07,574071485,Tanchev,kiberhora,20230110
278,YordanBo,1733515702,Yordan,kiberhora,20230110
279,zhstf,1303002483,Kozs,kiberhora,20230110
280,jorynio,299706696,SaintGeorge,kiberhora,20230110
281,MD_Wonderland,1140925904,M,kiberhora,20230110
282,Dandy5d,2064282952,Dandy,kiberhora,20230110
283,SicarioMG,772189729,M.G.,kiberhora,20230110
284,i_Larry,5320819116,Larry,kiberhora,20221211
285,PuDigY,1897801097,BAHKO,kiberhora,20230110
286,ElGeneralisimoo,1589382349,El,kiberhora,20230110
287,CryptoBG3,524129146,Vlad,kiberhora,20230110
288,Krystio,5299765928,KM,kiberhora,20230110
289,Yumerski,870579662,Vladimir,kiberhora,20230110
290,Galio90,698455355,Galin,kiberhora,20230109
291,StanislavDzhambazov,394210040,Stanislav,kiberhora,20230103
292,Tafko01,746030825,tafko2001,kiberhora,20230110
293,ivayloyovkov,877217962,IY,kiberhora,20230110
294,Esho7212,1610711525,Alex 72,kiberhora,20230109
295,loritsa,5166855727,loritsa,kiberhora,20230110
296,Rosen912,5006204948,Rosen,kiberhora,20221111
297,SASHnismo,5497385758,Alexander,kiberhora,20230109
298,Kkulenski,1932234274,Divine,kiberhora,20230108
299,shuev92,1788794882,Yordan,kiberhora,20230110
300,CarlosMatosFinancialAdvisor,5794182460,Carlos,kiberhora,20230110
301,Bu4MaNa,5021372697,Ivaylo,kiberhora,20230110
302,VVP21,1556837667,Aleksandar,kiberhora,20230110
303,vipboy07,430824922,–ú–∞—Ä–∏—è–Ω,kiberhora,20230110
304,GranTaycan,1316749949,Porsch,kiberhora,20230110
305,PIMP88,904397286,-,kiberhora,20230110
306,wyrBot,970690189,What‚Äôs your rank ?,kiberhora,20230110
307,EthereumSoldier,1182483418,Ethereum Soldier,kiberhora,20230110
308,ncuxap,1444849661,ncuxap,kiberhora,20230110
309,HlSlay,1131581431,H,kiberhora,20230110
310,KRUMOV,132612594,Georgi Krasimirov,kiberhora,20230110
311,SlaviGoranchovski,2084399465,Slavi,kiberhora,20221227
312,theMrNobody9,1209853797,Mr. Nobody,kiberhora,20230110
313,Avatarr76,1475397384,–°—Ç–∏–ª–∏,kiberhora,20230110
314,Kiberhora_bot,5155607842,KiberMaggie,kiberhora,20230110
315,FalcoTT,1495393339,Falco,kiberhora,20230110
316,NaturalArtist,808558448,Naturalartist üíû,kiberhora,20230110
317,Traiq,1085994329,Temenuzhka,kiberhora,20230101
318,benbow2017,5228899916,Kiril,kiberhora,20220924
319,SamuelRichy,1987193307,SVETOSLAV,kiberhora,20230105
320,StamovG,790544146,SMG17,kiberhora,20230110
321,Damnrightigotit,2059079700,Anton,kiberhora,20230102
322,fiR33578,1342039856,f!R3,kiberhora,20230110
323,Wolf_247,908839676,Val,kiberhora,20230109
324,damyor,5624332053,Damian,kiberhora,20221229
325,IDKWTIGON,974141558,FTS,kiberhora,20230103
326,IvaDMD,5226900887,Iva,kiberhora,20230108
327,ivnptkv,1482934258,Ivan,kiberhora,20221215
328,slaveyan,1861075025,Slaveya,kiberhora,20230110
329,ebattipi4a,5356711916,–ê—Ç–∞–Ω–∞—Å,kiberhora,20221030
330,MashtedPotatoes,950416555,Antonio,kiberhora,20230110
331,MRBDHA,1771795391,Mr.G,kiberhora,20230110
332,Effero,5227353584,Petar,kiberhora,20230110
333,aztec30,914019784,Aztec,kiberhora,20230110
334,J0k3RRS,5172461290,Nikolai,kiberhora,20230103
335,UndercoverCops,608878765,Horhe,kiberhora,20230110
336,Taaffeite7,2141672588,Taaffeite,kiberhora,20230110
337,descarga89,824903673,Ionov,kiberhora,20230110
338,Pla_men,2099654976,Plamen,kiberhora,20230110
339,aachqikc,1198806658,Vincent,kiberhora,20230110
340,Bob1420be,1340570763,Bob1,kiberhora,20230110
341,Val707,974090284,Val,kiberhora,20230110
342,Miro00321,5488274324,Stanimir,kiberhora,20230110
343,lightsteel,793367148,Steel,kiberhora,20230107
344,vasildimitroff,5041062049,Vasil,kiberhora,20230103
345,folktroll,1112489490,Folky,kiberhora,20230110
346,polypus78,570255523,Polypus,kiberhora,20230110
347,DimitarMihayl15,1653117688,Dimitar,kiberhora,20230110
348,RealGinzhu,5143833370,Ginzhu,kiberhora,20230110
349,halfbak3dd,5434451076,halfbak3dd,kiberhora,20230110
350,smithcbx2356,875706271,Smith25125,kiberhora,20230110
351,Rlm1488,1390272646,A,kiberhora,20230110
352,CEBT_III,1999978459,Johnny,kiberhora,20230110
353,us3rnam3888,677257388,Alg0rythm,kiberhora,20230110
354,Dani440d,1780314529,Dani,kiberhora,20230110
355,st_elias1,693464348,Elias,kiberhora,20230110
356,Morpheus_bsc,1077033855,Morpheus,kiberhora,20230110
357,asitemap,472982311,Niky,kiberhora,20230110
358,pkoleva17,943881099,Pepi,kiberhora,20230110
359,BigBoy699,647271217,BigBoy,kiberhora,20230110
360,midname_crypto,1425720171,Kryptonite,kiberhora,20230110
361,Legion9898,2103112979,SugarDaddy,kiberhora,20221214
362,Ilko014,1705652005,Ilko014,kiberhora,20230110
363,mochill,1540772253,green universe,kiberhora,20230110
364,TeleNasko,1019655540,TeleNasko,kiberhora,20230105
365,SSSpasov,5060557913,Spasov,kiberhora,20230104
366,Davranski,1844463450,–ò–≤–æ,kiberhora,20230109
367,Sparco951,5020842135,Atanas,kiberhora,20220917
368,Batanto1,862198048,---,kiberhora,20230106
369,pepino8812,484333736,Crypto_Dentist,kiberhora,20230101
370,Thedoc12,1619423767,Ivo,kiberhora,20230108
371,djiti,506932115,Dzhaid,kiberhora,20230110
372,ddvv999,1014714159,D,kiberhora,20221209
373,KimVessy,5480236005,Vessy,kiberhora,20221216
374,dSabit,800812907,Denis,kiberhora,20230109
375,SiNiiS7eR,1978314048,Ivan,kiberhora,20230110
376,lilymartirosyan,5250885551,Lili,kiberhora,20230109
377,Vgagolevichin,402640585,Vladimir,kiberhora,20230110
378,atanasatanas0v,1373523796,–ê—Ç–∞–Ω–∞—Å,kiberhora,20230110
379,Atlant411,1047460158,@,kiberhora,20230103
380,JackSparrow1312,720605777,DV,kiberhora,20230110
381,Safooo13,1854859413,Safo,kiberhora,20221229
382,white_sacor,663255035,white_sacor,kiberhora,20230110
383,Mirianbg,1653831763,mirka,kiberhora,20230110
384,kolyo_mihov,2085538987,Kolyo,kiberhora,20230105
385,aivanwolf,1322159078,aivan,kiberhora,20230110
386,AAA171717AAA,895330054,A,kiberhora,20230110
387,vijell,1204644663,Vijell,kiberhora,20230110
388,Hristiqn,228613379,Hristiqn,kiberhora,20230110
389,Enonchev,90785381,Evgeny,kiberhora,20230110
390,CryptoElder,813052813,ELdER,kiberhora,20221211
391,DyakovStefan,361322153,S,kiberhora,20230110
392,alexshopski,171588570,alx,kiberhora,20230110
393,morpheus0110,1839982704,Morpheus,kiberhora,20230110
394,llazarkow,5099545538,Biser,kiberhora,20221219
395,taf111,5011412860,taf111,kiberhora,20230105
396,perfe7o,479778379,Anton,kiberhora,20230110
397,taketotakeas,1793498498,Dimo,kiberhora,20230110
398,KalinYordanov,902942804,Kalin,kiberhora,20230108
399,HIPHOP2025,5470763099,HIP HOP,kiberhora,20230110
400,Ggggg123455,252922115,Georgi,kiberhora,20230110
401,knrblz,1282063652,K,kiberhora,20221228
402,xxxblazerxxx,2079881504,El,kiberhora,20230107
403,KPNJo,5343481428,Joe,kiberhora,20230109
404,longshorts10,1595751185,Vitomir,kiberhora,20230110
405,Sikandher,702066112,Al,kiberhora,20230110
406,charlycc31,1124643357,Sr,kiberhora,20230108
407,VanSHTER,1736547193,SHT,kiberhora,20230110
408,JJJJJ14999,1519190394,Slav,kiberhora,20230109
409,tiho_mi_pazi,5598228277,Magdalena,kiberhora,20230109
410,GKBGR,5380669436,G.,kiberhora,20230110
411,ANUBIS_8284,5253719569,ANUBIS,kiberhora,20230110
412,IvetaGavrailov,5305534999,Iv's,kiberhora,20230108
413,anonimous777777,1749759509,Anonimous,kiberhora,20230110
414,Crypton235,5343270878,crypton,kiberhora,20221111
415,crash4o,1177600660,Nikolay,kiberhora,20230110
416,ElectroMechanicalOscillator,1621981388,The,kiberhora,20230110
417,Usmivkata,341651819,usmivkata,kiberhora,20230110
418,Blocker25,1451108723,Blocker,kiberhora,20230109
419,raggen666,1262907483,D.,kiberhora,20230110
420,Hristiyann,1309257121,Hristiyan,kiberhora,20230110
421,toshevvalentin,1679341303,Valentin,kiberhora,20221218
422,DimitarGenov,1636670689,Dimitar,kiberhora,20230110
423,Evgeni_Ivanov,268172966,Evgeni,kiberhora,20230103
424,WantonDrummer,2065292822,WantonDrummer,kiberhora,20230110
425,lordofthecash,2027543740,Lord Of The Cash,kiberhora,20230110
426,stanimih,1827071746,Stanislav,kiberhora,20230110
427,CryptoM4R10,2094704777,Crypto,kiberhora,20230110
428,takwin2017,379181292,Nasko,kiberhora,20230109
429,PetyoR,5552775084,Petyo,kiberhora,20230110
430,kkinanev,5077977661,Kristian,kiberhora,20230109
431,Donda4i,486841659,Yordan,kiberhora,20230110
432,Slujeben21,1842750308,BTC,kiberhora,20230110
433,gakisvet,2024039714,Svetlana,kiberhora,20230110
434,mrgg12,1482499220,Riss,kiberhora,20230107
435,Alesyz,5118749297,Aleksandar,kiberhora,20230105
436,Achkata5,5270700817,Achk0,kiberhora,20230110
437,PriBaiTo6oNeBe6elo60,1790995135,PriBaiTo6oNeBe6eLosh0,kiberhora,20230110
438,A1exandra1122,1711666345,A.,kiberhora,20230110
439,delyanzhv,589120740,Delyan srt,kiberhora,20230110
440,vvv19933,5279877882,v,kiberhora,20221026
441,dn6666666,1353108576,Dnnn,kiberhora,20230110
442,shansbrat,2014192906,–ú–∏–ª–µ–Ω,kiberhora,20230109
443,merrymaker18,1057641741,valkat,kiberhora,20230103
444,kalinjr,2113770267,kalin,kiberhora,20230103
445,milkatri,1723533905,Mila,kiberhora,20230110
446,DopeMind94,1669779941,dope,kiberhora,20230110
447,Hot777xxx,2107259640,Stefan,kiberhora,20221212
448,kbozhkov,5132362263,kbozhkov,kiberhora,20230110
449,SangMata_BOT,300860929,SangMata,kiberhora,20230110
450,shanoboy,526124247,Wild,kiberhora,20221211
451,BorisIvanov77,5522274538,–ë–æ—Ä–∏—Å,kiberhora,20221229
452,LudiaMax,1039739193,Miroslav,kiberhora,20221229
453,TsKirchev,2047989082,Tsvetomir,kiberhora,20221122
454,LariTet,1485207241,Lubo,kiberhora,20230110
455,Steve_Gore,1294747978,Gorancheff,kiberhora,20230110
456,Toni_6525,1115862184,Antoaneta,kiberhora,20230110
457,Fu7uReS7ic,1521597695,Fu7uRe$_,kiberhora,20230102
458,jordanzla,1301710846,Jo,kiberhora,20230110
459,learntomm,1715504902,DM,kiberhora,20230110
460,insaneinc,474176652,Dobo,kiberhora,20230110
461,FirsttOonnee,1305411136,First1,kiberhora,20230110
462,insulindemladen,2100368952,Mladen,kiberhora,20230110
463,innomkr,565758331,Miroslav,kiberhora,20230110
464,eComVitan,631627243,–¶–≤–µ—Ç–∞–Ω,kiberhora,20230109
465,nknkpq,1489086714,Nk,kiberhora,20230109
466,jordan55,714110797,Dani alvess,kiberhora,20230110
467,xelafirst,811313026,Aleksandar,kiberhora,20230110
468,cryptofan7,378897772,Crypto fan M L,kiberhora,20230110
469,trunwo,732772035,trunwo,kiberhora,20230110
470,username777888777,1267117413,User,kiberhora,20230110
471,Fringe13,1649012369,üî¥ Fringe üî¥,kiberhora,20230109
472,Batkuka,5010117372,Batcheto,kiberhora,20230110
473,alexmihov96,1634991641,Alex,kiberhora,20230110
474,BMOPO1903,1648643120,–í.–ß–µ—Ä–Ω–æ–∑–µ–º—Å–∫–∏,kiberhora,20230110
475,MAXiMUS0R,1538045701,–ü–µ—Ç—ä—Ä,kiberhora,20230110
476,Capo_di_tutti_kapi,1533972057,Capo di tutti kapi,kiberhora,20221211
477,dancov10,1701944125,Danail,kiberhora,20221229
478,ednodve,1484692697,Zdra,kiberhora,20221227
479,Hellioz,810580846,JoroüëΩ,kiberhora,20230110
480,Zambuk89,986662518,User name,kiberhora,20230110
481,stanthemanbg,665867580,MM,kiberhora,20230110
482,Derganan,2147041324,Derman,kiberhora,20230104
483,xoxoTimon,1540380448,Hakuna Matata,kiberhora,20230110
484,Bonfire_13,2090584220,Bonfire,kiberhora,20221218
485,Kosmolotan,463563345,A,kiberhora,20230110
486,givanov1,1780626104,Stefan,kiberhora,20230103
487,Fire36966,1664370897,Fire666,kiberhora,20230109
488,ivanov1926,461201067,Ognqn,kiberhora,20230110
489,Joroboy123,5556147639,Georgi,kiberhora,20230107
490,toveto,1973480590,TOVETO,kiberhora,20230110
491,tsanko,1414223100,Tsa,kiberhora,20221211
492,Acnapyx94,1924431290,Dimitar,kiberhora,20230110
493,asiandetective,1341178268,asiandetective,kiberhora,20230107
494,TrifonKaburov,350645165,T–ö,kiberhora,20230110
495,rvachin,448858403,Rumen,kiberhora,20230110
496,vvviii05,730393243,V,kiberhora,20230110
497,voxlud,2101282513,–í–∞—Å–∏–ª,kiberhora,20230109
498,EllinnaTS,1500892748,Ellinna,kiberhora,20230110
499,Biggdoggggg,1696779433,ZAHARI,kiberhora,20230109
500,Boombassta,540817577,W,kiberhora,20230110
501,stoiloww,1475687939,Dimitar,kiberhora,20230110
502,Dimitar_SAFE_Network_Bulgaria,333850942,Dimitar,kiberhora,20230110
503,Gertcho,1745646236,Gergana,kiberhora,20230109
504,plemboV,1413733906,Plamen,kiberhora,20230110
505,Saraf4eto,765203490,Saraf4eto,kiberhora,20230110
506,aeropr0_o,1410909728,Tony,kiberhora,20230103
507,danng01,961826858,NG,kiberhora,20230110
508,lyddBG,606550052,YAN,kiberhora,20230110
509,Aleks_Mining,795303074,Aleks,kiberhora,20230110
510,Irkooo1,1277927329,Alfredo,kiberhora,20230110
511,Monyto,810721807,Monyto,kiberhora,20221223
512,koksalbaba69,848905819,L,kiberhora,20230110
513,ATANASOVTIPS,1094929066,AtanasovTips,kiberhora,20230110
514,ValentinTanev,765855542,Valentin,kiberhora,20230110
515,tonikm,1047303348,tro,kiberhora,20230110
516,Ico21,1147355305,Hristo P,kiberhora,20230104
517,TonyGench,5511441382,359005,kiberhora,20221205
518,StoyanAngelov,393612897,Stoyan,kiberhora,20230110
519,bobg55,161787131,Bobby,kiberhora,20230110
520,tonyymontanaaa,1369256383,Antonio,kiberhora,20221211
521,Konito1,1989506569,K,kiberhora,20230108
522,BakedHead7,2082479330,WVW,kiberhora,20221214
523,kirildam,1646522495,Kiril,kiberhora,20221214
524,alexanderpehlivanov,1390735646,Alexander,kiberhora,20230110
525,Legkostup91,1755865224,Legkostup,kiberhora,20230109
526,Kobyko47,5042158848,Radoslav,kiberhora,20221106
527,SimeonSvetlinov,1370778236,Simeon,kiberhora,20230110
528,VDimitrova,959474292,Veni,kiberhora,20230110
529,Simeon0609,199999566,–°–∏–º–µ–æ–Ω,kiberhora,20230110
530,miroj85,2058339377,Miro85,kiberhora,20230110
531,TSFTB,684279941,DCommando,kiberhora,20230110
532,Vlaciratingsbg,67874591,vlaci,kiberhora,20230110
533,bco0123,2121402858,Bbb,kiberhora,20230110
534,uhfthj,1956201020,Monyo,kiberhora,20230109
535,stuklenbg,5328441356,Radmil,kiberhora,20221211
536,cryptoBullet20,352092581,B.,kiberhora,20230110
537,DiyanaDe,5076792528,DiyanaDel,kiberhora,20221129
538,kamen0w,5062420378,Daniel,kiberhora,20230106
539,kristiyanV,962713314,Kristiyan,kiberhora,20230110
540,TDG777,5177188870,Tommy,kiberhora,20230110
541,Gamechange11,1662696284,Buster,kiberhora,20230108
542,maseratian,2084190828,maserati,kiberhora,20230109
543,Chavdata,5124490026,Chavdata,kiberhora,20230109
544,hristovtsanko,2108968664,Tsanko,kiberhora,20221211
545,silonsis,863547705,vanko,kiberhora,20230110
546,Saitama_To_Moon,1950928850,Dinko,kiberhora,20230106
547,DanielStoev,1709498756,Daniel,kiberhora,20230110
548,dcs33,1072477143,"–¥–∫—Å (3, 3)",kiberhora,20230110
549,Dankolov,5297719757,Dankolov,kiberhora,20221208
550,v1ctorious73,1895957007,Victor,kiberhora,20230109
551,loriandr,1322111934,Lor1aN,kiberhora,20230110
552,stamaki,913595338,Nik,kiberhora,20230102
553,Bajxkk,1361196523,Baj X,kiberhora,20230110
554,AndreiEnchev,1575284230,Andrei,kiberhora,20230107
555,RedCartesius,2009516678,Mariyan,kiberhora,20230107
556,XPO1010,1055223186,David,kiberhora,20230110
557,VeselinF,1141107987,Veselin,kiberhora,20230110
558,asdfghhkbzbs,1517119152,1.1,kiberhora,20230110
559,Trading1111,1873155489,Ivo,kiberhora,20230110
560,toshkotoshko,1372039526,Toshko,kiberhora,20230109
561,Design2you,508735775,Iliyan,kiberhora,20230110
562,KGVGAINPRO,1666679033,–ö—Ä–∞—Å–∏–º–∏—Ä,kiberhora,20230110
563,SimpleGMT,5020897823,–î–∞–Ω–∏,kiberhora,20230110
564,AlexDonchev,1199235032,Alex,kiberhora,20230110
565,Milev84,1590888075,Milev,kiberhora,20230110
566,GoBruv,700520855,–ö,kiberhora,20230110
567,DuncanBalin,5359979696,Duncan,kiberhora,20221104
568,Pascalwbn,1425796543,SINOVATE Community,kiberhora,20220911
569,ChheGuevara,5137556801,Che,kiberhora,20220827
570,TDonchev,1315333950,Tsvetomir,kiberhora,20230109
571,KolevD,2061406484,Dimitar,kiberhora,20230110
572,mrnoncelebrity,5312508423,Mr.NonCelebrity,kiberhora,20221125
573,CooperSG,5047206450,S,kiberhora,20221228
574,PBelovski,5057808510,–ü–µ—Ç—ä—Ä,kiberhora,20230110
575,ABTPerformance,391335214,üí∞,kiberhora,20230108
576,joroboykin,708520679,Gogo,kiberhora,20230103
577,Karloos76,2094589833,Karlo,kiberhora,20221203
578,Bobeshki7,716380700,B.,kiberhora,20221211
579,Groggal,1589178376,A.,kiberhora,20230110
580,yavorstoimenov,820350546,–Ø–≤–æ—Ä,kiberhora,20230104
581,Shikatero,1915151809,Radoslav,kiberhora,20230110
582,daiimuu,1430967244,PB,kiberhora,20230103
583,icomurda,5208906877,Ico,kiberhora,20230109
584,MONEYPRINTERbg,1677725099,MONEYPRINTER,kiberhora,20230110
585,AleksandarUzunov,1259078124,Aleksandar,kiberhora,20221105
586,jurnalm83,358386643,–ê—Ç–∞–Ω–∞—Å,kiberhora,20230109
587,Hellish_O,1923906845,Nikola,kiberhora,20230110
588,Qwannn,1633717788,–î–∂–æ,kiberhora,20230110
589,chochdod,1331227705,Niks,kiberhora,20221211
590,Makao7,618333823,Pyramid,kiberhora,20230110
591,firebladebg,2039694377,firebladebg,kiberhora,20230110
592,manolkataAMG,2032221259,Ivan,kiberhora,20221222
593,gkolevbg,928247120,Homer,kiberhora,20230110
594,lastshadow89,1780550812,Tsvetomir,kiberhora,20230110
595,Plotso,416469414,Ilian,kiberhora,20230110
596,Sadam_Huseinnn,564030596,Zzzz,kiberhora,20230110
597,A19H26,977645535,Angel,kiberhora,20221211
598,valeriyas14,2019666885,Valery,kiberhora,20221211
599,Kingof_Shibainu,5241282010,Crypto,kiberhora,20230103
600,tishouzunov,2094754785,Tihomir,kiberhora,20221227
601,Greta_69,2050478981,Greta,kiberhora,20230110
602,bolivine,399903231,bolivine,kiberhora,20230110
603,shitface12,2106630557,miro,kiberhora,20230110
604,georgip8,1160839080,Georgi,kiberhora,20230110
605,Rich741,381146989,RR,kiberhora,20221102
606,Toprakchiev,897200656,Ivan,kiberhora,20230109
607,vvencislavov,329967587,Vencislav,kiberhora,20230110
608,Bakovski,760147893,–ö–æ—Å—Ç–∞–¥–∏–Ω,kiberhora,20230110
609,babapena,1884628784,–ë–∞–±–∞,kiberhora,20230106
610,donchewvv,1247756378,Trendo,kiberhora,20220913
611,nodoubtincrypto,5167390671,NoDoubtInCrypto,kiberhora,20230110
612,Darkmanx5545,640394458,–ò–≤–æ,kiberhora,20230110
613,chasenohoemyman,5144795280,Chase No Hoe,kiberhora,20230110
614,oooto1981,1113908094,Ivelin,kiberhora,20230110
615,nhrblv,929366100,–ù–∏–∫–æ–ª–∞–π,kiberhora,20230110
616,MVD3003,321915863,M üáßüá¨,kiberhora,20230110
617,Pchopat,2111944445,Ivaylo,kiberhora,20230110
618,Damyan93,1615960247,Damyam,kiberhora,20221130
619,togi_bg,1793180904,togi,kiberhora,20230110
620,crypto_peev123,1303925421,Crypto,kiberhora,20230109
621,DenisVSLNV,1760406293,Denis,kiberhora,20230109
622,lifeisbet247,965746285,Mr,kiberhora,20221230
623,invisible0006,5090625003,Invisible,kiberhora,20230107
624,HI4606,1645533772,HI,kiberhora,20230110
625,Nikolaypetkov,1564965735,Nikolay,kiberhora,20221102
626,D_zhekov,5128717807,Dimitar,kiberhora,20221226
627,booss13,1776792128,booss,kiberhora,20230101
628,Sandk1ng,852147291,.,kiberhora,20230110
629,officialtrend,1563821782,Official,kiberhora,20230110
630,nikoinepoznavam,996590729,K,kiberhora,20230110
631,Chainblock0x369,448751898,Crypton,kiberhora,20230110
632,ShotByRado,403013006,Radostin,kiberhora,20230110
633,Alexxgrigorov,1976130256,Aleksandar Grigorov,kiberhora,20230110
634,selena_to,501058738,Seli,kiberhora,20230110
635,Danchevia,768513858,D.Danchev,kiberhora,20230110
636,JStoyanova,546450816,J. Stoyanova,kiberhora,20221211
637,nikoll88,1812562412,nikolai,kiberhora,20230108
638,Deaznamwe,1318828683,–ò–ª–∏—è,kiberhora,20230106
639,karteloz,5146464472,Ivan,kiberhora,20220721
640,cosmicagate,1054373256,Cosmic Agate,kiberhora,20230103
641,m4r71nz,1665589734,Martin,kiberhora,20230110
642,IvanYordanov,1476731921,Ivan,kiberhora,20230110
643,Mamkamucarl,332359419,Caarrl,kiberhora,20230110
644,alexstankov79,294266134,Aleksandar,kiberhora,20230110
645,CashInCashOu7,1318814151,Crypto,kiberhora,20230110
646,MishoMi60,524074364,Mi60,kiberhora,20230110
647,Krasenkolev,5119838154,Krasen,kiberhora,20221014
648,Nikolay442,759346071,N,kiberhora,20230110
649,D_D_8888,957627682,Daniel,kiberhora,20230110
650,aa69ff,580130369,GB,kiberhora,20230110
651,zz7887,1089053230,Z.,kiberhora,20230110
652,Ghghgh12321,5217111937,Ghghgh,kiberhora,20230110
653,YAnd2xl,1451923837,Mql Mql,kiberhora,20230110
654,M8y1f,1365161261,Antoan,kiberhora,20221229
655,KirilNikolov1991,5286889792,Kiril,kiberhora,20230102
656,PepixBlankoBucks,2086916684,Pepix,kiberhora,20230109
657,sexyGirlszsx,5025103329,gabi,kiberhora,20221215
658,AlexY93Y,1193998885,Alexander,kiberhora,20230103
659,y4m4m07o,1847533114,m4R71n,kiberhora,20230102
660,birlibam,475520574,Vladislav,kiberhora,20230110
661,Fabio_Salsa,440114865,Fabio,kiberhora,20230109
662,okhsot,479096484,Kung,kiberhora,20230110
663,afrikalismo,5094333425,Daniel,kiberhora,20230109
664,Pablo_S500,1696363528,S,kiberhora,20221119
665,preslav999,768919755,PP,kiberhora,20230110
666,IRADEVV,1242554302,I.RADEV,kiberhora,20230110
667,Belial024,2086315053,Belial,kiberhora,20230110
668,danivoinov,789014939,Daniel,kiberhora,20230110
669,Spase9,924160948,Spas,kiberhora,20221231
670,Cezure,882385308,–¶–µ–∑—ä—Ä,kiberhora,20221211
671,somethingmad94,1387079731,SomethingMAD,kiberhora,20230110
672,threeCuts,941913817,Nikola,kiberhora,20230107
673,wolfSpacepad,1614648211,daniel,kiberhora,20221211
674,Gideon542,1443420442,Evgeni,kiberhora,20230110
675,didko6a,531279007,Deyan,kiberhora,20230110
676,deyan_mdb,1786447805,Deyan,kiberhora,20230105
677,Malkiq_mukkk,1398255955,Simeon,kiberhora,20230110
678,zlatkovdani,990568428,D.Z,kiberhora,20230110
679,wilianaa,1936982464,–í–∏–ª–∏–∞–Ω–∞,kiberhora,20230110
680,PPShamana,1504300455,Pavel,kiberhora,20230109
681,MishiK10,1391534172,Viktor,kiberhora,20230108
682,Kosaa3,1969419336,Vasil,kiberhora,20221009
683,vesssko95,712866386,Vesko,kiberhora,20230108
684,drobata,556741404,Dobromir,kiberhora,20230110
685,vladtray95,788191363,Vlad,kiberhora,20230110
686,Bbehnn,1200031061,bbhn,kiberhora,20230108
687,Morphiss,5006909982,sks,kiberhora,20230110
688,CTPOshEH,310022067,Rusen St,kiberhora,20230110
689,BGVenomx,1226064352,Venombg,kiberhora,20221227
690,pstilianov7777,1552110331,Plamen,kiberhora,20230103
691,SST9777,473787283,S,kiberhora,20230110
692,tkno13,975783308,Paco,kiberhora,20230103
693,BeaterBomb,5098547328,Zhivko,kiberhora,20230110
694,Deyan_V,1036905427,deyan,kiberhora,20221028
695,jimmyzaragoza,1825680009,Jimmy,kiberhora,20230108
696,Radoni4,5067988209,Radoni4,kiberhora,20230109
697,davidkeller87,358770840,David,kiberhora,20230110
698,Iordanik,1661926176,Iordanik,kiberhora,20230110
699,plamennn,2007086294,Plamen,kiberhora,20221230
700,bgrudeboy,2049135556,bgrudeboy,kiberhora,20230110
701,BetsKKK,2138854717,BG,kiberhora,20230101
702,maverick878,1055427611,–ò–≤–∞–Ω,kiberhora,20230110
703,Robinz0on,820627799,Robinz0n,kiberhora,20230110
704,MyNameIsKonstantin,168095424,Koce,kiberhora,20221227
705,T3chNox,1955457591,–ì—é–Ω–∞–π,kiberhora,20230109
706,fr1end13,282381289,Miro,kiberhora,20230110
707,CesarePaccioti,710400529,Z,kiberhora,20230110
708,para_lax,1118284238,ap,kiberhora,20230109
709,r_panayotov,1386431662,Rosen,kiberhora,20230110
710,gnikoloff,357537432,Georgi,kiberhora,20221211
711,Marodero56,794746150,Vasil,kiberhora,20230103
712,YulianVasilev,2047345047,Yulian,kiberhora,20221122
713,djovanins,1151463068,Dimitar Stefanov,kiberhora,20221228
714,sharkkiii,5295504472,Shark,kiberhora,20230110
715,PNikolov90,1847374520,Polin,kiberhora,20230110
716,Tgoooo9,1138179253,GT 63,kiberhora,20221226
717,VPetkovv,736042473,Vitorio,kiberhora,20230109
718,tonygmm,1289659224,Tony,kiberhora,20230110
719,dpbg1,1669051114,.,kiberhora,20230110
720,partizan771,650719917,Partizan,kiberhora,20230110
721,VaninaAdEx,354535099,Vanina [Ambire.com],kiberhora,20230110
722,Satn1094,872650427,Stanimir,kiberhora,20230104
723,Hollywood_Bg,2053762979,Hollywood,kiberhora,20221216
724,deg3n,1398775925,DegenCat,kiberhora,20230110
725,despacad,1433854904,D,kiberhora,20230110
726,lionsden4,1021419339,LION'S,kiberhora,20230110
727,Kursevica,1011928336,Stanil,kiberhora,20230109
728,Danieldido,2073125395,Daniel,kiberhora,20230109
729,naisko,5084675655,Gassan Exclusive,kiberhora,20230110
730,funcr0w,1678618854,Funcrow,kiberhora,20230103
731,KaloyanDimitrov,5170465454,Kaloyan Dimitrov,kiberhora,20220807
732,petkov93,1805884794,Petar,kiberhora,20230107
733,clams4,1721505190,clams,kiberhora,20230110
734,St_Stefanofff,1792014088,Stefan,kiberhora,20221226
735,kdechev,5190702560,K.V.D,kiberhora,20230110
736,midnightriderr,2080464933,midnight.rider,kiberhora,20230110
737,Jikata99,742732012,–ñ–∞–±–∞—Ç–∞,kiberhora,20230110
738,nikolarchv,5075270438,Nikola,kiberhora,20230103
739,Vladienchev,1514579935,Vlad,kiberhora,20230106
740,clientx,1701356512,Mariyan,kiberhora,20230110
741,todorovtomas,1641739456,Tomas,kiberhora,20230103
742,totalphreakshow,1083354474,TotalPhreakshow,kiberhora,20230109
743,m0n3yDude,2113596456,MoneyDude,kiberhora,20220825
744,theHub33,2098858177,‚Ä¶‚Ä¶,kiberhora,20230109
745,shikshok77,1777472610,Shik,kiberhora,20230110
746,Nephilor,1869485583,Ivo,kiberhora,20221222
747,lokomotivpld,1439073579,gtvi,kiberhora,20221211
748,Angel6161,1388568004,Angel,kiberhora,20230110
749,kmavrodiev,1787567291,K,kiberhora,20230110
750,Valeri21354,1417478793,Valeri,kiberhora,20221211
751,AGBPufi,2037169138,–ü–∞–≤–µ–ª,kiberhora,20230109
752,ChrisCryptoResearch,808374161,Chris. M. Crypto-Research,kiberhora,20230110
753,s_ense,1833994193,Foftya12,kiberhora,20221231
754,Cashholder88,886967389,Don,kiberhora,20230110
755,pushclean,2040138744,www.toallitaspushclean.com,kiberhora,20230110
756,szsohp,1026621600,S,kiberhora,20230110
757,djangrra,5042145845,djangr,kiberhora,20221221
758,ivan4020,415389529,Ivan,kiberhora,20230109
759,Dr_Al_Ben,500294519,–ê–ª–±–µ–Ω –î–∏–º–∏—Ç—Ä–æ–≤ IYI,kiberhora,20230110
760,Drumev,303857427,h.13,kiberhora,20230110
761,Georgiev679,463565277,Iliya,kiberhora,20230110
762,petrov95,1258230756,Peter,kiberhora,20230110
763,Zelenhimihal,1760156710,Ivailo,kiberhora,20221114
764,qqve87,1133601515,Yavor,kiberhora,20230110
765,Simon8302,5130266618,Simeon,kiberhora,20230110
766,CryptoNiki,63805919,Niki,kiberhora,20230110
767,Dimbo98,2022604289,Dimbich,kiberhora,20230107
768,dbonev,1098297329,Dimitar,kiberhora,20230104
769,InaTsonkova,2072664887,Ina,kiberhora,20230110
770,elppatron,645798174,El Patr√≥n,kiberhora,20230110
771,SolFly,350119355,FastPooL.XyZ,kiberhora,20230103
772,Nachkov,509598940,Dimitar,kiberhora,20230109
773,makaveli1234,1666116894,h,kiberhora,20230109
774,alxndrstoyanov,510977218,Alexander,kiberhora,20230110
775,dtzank,1877913484,Dx,kiberhora,20230110
776,Zhobichev,360552111,Danislav,kiberhora,20230110
777,vens1724,2034311247,Venci,kiberhora,20221215
778,delyanantonov,227767747,D,kiberhora,20230110
779,AlBundy33,392064621,AB,kiberhora,20230110
780,Radev7,1204009606,Zdravko,kiberhora,20221108
781,Lacholex,650547141,–õ—ä—á–µ–∑–∞—Ä,kiberhora,20230110
782,DffyBoy,1430935220,Demir,kiberhora,20221211
783,Avelee,231161984,Tony,kiberhora,20230110
784,menatass,1055564924,Milen,kiberhora,20230110
785,Koshoff1,1515984655,Koshoff,kiberhora,20230110
786,MAsen420,557452525,ASŒûN,kiberhora,20230110
787,AppSupport2022,5000076019,AT,kiberhora,20230103
788,vector31,1397738149,xsxsxs,kiberhora,20230103
789,ihchieva,87902618,Katrina,kiberhora,20230110
790,niko93vn,1332107057,–ù–∏–∫–æ–ª–∞–π,kiberhora,20230110
791,Nikchos,650232574,Sa,kiberhora,20230110
792,JoK3Ra777,5092569461,JoK3Ra,kiberhora,20230110
793,callmeyouknowme,5065967710,Peter,kiberhora,20230106
794,MitkoMaster,5098744849,Dimitar,kiberhora,20230110
795,Cryptofriendly1,5004181254,Ivan,kiberhora,20221222
796,Crpt4cash,1638667105,X,kiberhora,20230103
797,ataman1979,540144017,Svetlozar,kiberhora,20230110
798,delefff,1606402569,Atanas,kiberhora,20221216
799,Keniec,1075180496,Ivaylo,kiberhora,20221027
800,mk6119,938608171,Mk,kiberhora,20230110
801,pbekriev,1481777667,Petar,kiberhora,20230110
802,qwerewwe,5042239297,Lachezar,kiberhora,20230107
803,TodorCholakov,858410575,Todor,kiberhora,20230101
804,milenski2000,706483105,–ú–∏–ª–µ,kiberhora,20230103
805,uncleGosho,5097012365,chicho,kiberhora,20221025
806,dotobg,652870769,ILIYAN,kiberhora,20220929
807,kijush,5092790291,Vicky,kiberhora,20230109
808,sheigun,1050569642,Martin,kiberhora,20230109
809,g_vasileeev,2009817184,Georgi,kiberhora,20230110
810,Fuckcsk88,2074499805,Marin,kiberhora,20230110
811,Boshnak93,1647316087,S.,kiberhora,20221231
812,sailo919,438457671,Aleksandar,kiberhora,20230110
813,Snakee20,5046608444,Vladimir,kiberhora,20220916
814,Hektor34,1004295160,Hektor,kiberhora,20230110
815,tmkn1,5055876698,Tomislav,kiberhora,20230108
816,GeorgievDimitar,844575928,Dimitar,kiberhora,20221224
817,SiMoG0000,1208265525,SiM,kiberhora,20230110
818,Kacarov,1284063932,Dimitar,kiberhora,20230110
819,Drtyaga,967802548,Doosh,kiberhora,20230103
820,Alabala72,1607395857,Alabala,kiberhora,20230110
821,KarlFuchs,1444264747,Tony Stark,kiberhora,20230110
822,lachosmail,644680616,Lacho,kiberhora,20230110
823,pepiasenov,1793538131,Petar,kiberhora,20230110
824,Keep_It_SimpleBB,974342603,B.,kiberhora,20230110
825,Rxtrend,923240986,Tyson,kiberhora,20230110
826,Vlkatsarova,5069645317,Valentina,kiberhora,20221211
827,chorapcho,1423798928,Nikolay,kiberhora,20230110
828,martostop,1705586325,Martostop,kiberhora,20221220
829,Emedjo,2057815548,Emedjo,kiberhora,20221201
830,BlagoySpasov,1583322858,Blagoy,kiberhora,20221116
831,darknaz22,1304282184,DarkNaz,kiberhora,20230110
832,Bacetu,1801978646,Bacetu1,kiberhora,20220913
833,mitev_valentin,2075802254,Valentin,kiberhora,20221109
834,ogkush77777,1771190425,Ivan,kiberhora,20221214
835,TVRadev,2049242286,–¢–∏—Ö–æ–º–∏—Ä,kiberhora,20230102
836,SiToNi666,1949708878,Sito,kiberhora,20230102
837,simo_georgiev,2062027677,Simo,kiberhora,20221120
838,RedBloodCSKA,1083102121,–ë–æ—Ä–∏—Å,kiberhora,20230103
839,Foncho9229,718752039,Stefan,kiberhora,20230110
840,kikodice,450069440,Nikolay,kiberhora,20230110
841,fomomania,1647112284,D,kiberhora,20230109
842,GeorgiLipchev,2136995387,Georgi,kiberhora,20230108
843,StoychoMarinov,612186327,Stoycho,kiberhora,20230110
844,headless355,441473615,Headless,kiberhora,20230110
845,istips,1504523558,Ivan S.,kiberhora,20230110
846,szlatarev,1687954956,Samuel,kiberhora,20230110
847,Wnbjung,494992645,Wnbj,kiberhora,20230110
848,koceff,879169737,Georgi,kiberhora,20230110
849,ggdjdkk,648188250,fjfjfj,kiberhora,20230110
850,JohnyNed,1536551883,Ivan N,kiberhora,20230109
851,greedypplguy,1499056435,Alabalataibavpidala,kiberhora,20230110
852,rasmusen77,991237786,Yonko,kiberhora,20230105
853,Antoaneta,5076801825,Antoaneta,kiberhora,20221228
854,Dimitrovbg,5057639144,Valentin,kiberhora,20230110
855,MukikiMotosport,1328196094,Turbo,kiberhora,20230105
856,dekatabg,999203921,Denis,kiberhora,20230110
857,AtiLaRulz,1782291728,Atilla,kiberhora,20230107
858,Rumyana66,1786900516,Rumyana,kiberhora,20230110
859,PeshoST,153523565,Peter,kiberhora,20230110
860,pedalcho69,1236345573,Mincho,kiberhora,20220719
861,sdd467,573267917,S,kiberhora,20230103
862,Krztd,1658052780,Krztd,kiberhora,20230104
863,ivan1188,1172033213,+44 8888888888,kiberhora,20230110
864,anonymus9911,1020171141,User,kiberhora,20230103
865,Petko_Kucarov,1121798242,–ü–µ—Ç–∫–æ,kiberhora,20230110
866,nikdonchev,1322074536,NIK,kiberhora,20230106
867,stamatdjivrata,1161220263,Stamat,kiberhora,20221212
868,bahti_prostata_lqvo,2038796100,Atanas,kiberhora,20221211
869,vgeorgiev9931,652400320,Veselin,kiberhora,20230109
870,MastOD,634554120,Master,kiberhora,20230110
871,plamsky,5003232011,plamen,kiberhora,20221121
872,Manev007,648304227,Ivan,kiberhora,20230110
873,DBqwerty,1214012411,Denis,kiberhora,20230108
874,svpetka,5052554832,Petko,kiberhora,20230110
875,Emo3211,1613156711,Emo,kiberhora,20230110
876,mirandoto,512645241,Kalin,kiberhora,20230110
877,KalinVarbanov,2101527114,Kalin,kiberhora,20221129
878,Dadokan,1194568564,signal,kiberhora,20221208
879,Aznesumtakuv,5040909225,Georgi,kiberhora,20220911
880,s0ulfly,1009135633,s0ulfly,kiberhora,20230110
881,delqnas,870142554,delqnas,kiberhora,20230101
882,radobirov,1838395971,Rado,kiberhora,20230110
883,Tolkoboy,820680090,Tolko,kiberhora,20230105
884,JohnnyKarapavlov,1602285249,–ì–µ–æ—Ä–≥–∏,kiberhora,20230109
885,LyBaKa1,5045075692,–õ—é–±–æ–º–∏—Ä,kiberhora,20220729
886,sokolov511,1905634757,.,kiberhora,20230110
887,jetlee787,1143700128,Jet Lee,kiberhora,20230110
888,Nicknamenvnv,1742060491,V,kiberhora,20230110
889,pullingking,1783889988,200kg ot lejanka,kiberhora,20230110
890,V_X_88888,537492781,VH,kiberhora,20230110
891,Dimitar_7,1336396872,Dimitar,kiberhora,20230110
892,kasicoo,5064381376,Hristo,kiberhora,20221101
893,dtevt9,797113768,Yoto,kiberhora,20221101
894,Georgi1235,794356907,Georgi,kiberhora,20230110
895,Shefanabara,913274045,Teodor,kiberhora,20230108
896,itsjaxx,2065488823,jaxx,kiberhora,20230110
897,rrafailov,1332378728,Radostin,kiberhora,20230110
898,nStoev,2022792784,Nikolay,kiberhora,20220708
899,ZheelB,280500332,Zhelyazko,kiberhora,20230110
900,gnikolov3,1115121667,RnT,kiberhora,20220810
901,m28080,837577735,S,kiberhora,20230110
902,RadoChanev,1161022594,Red,kiberhora,20230110
903,DreadSword,509499509,Goshko,kiberhora,20230110
904,dzharo96,1149851628,Kristiyan,kiberhora,20230106
905,gdimovv,1440262301,Georgi,kiberhora,20230109
906,Jax87999,1794062942,jax87,kiberhora,20221215
907,manechkia,1079149781,Ivan,kiberhora,20230108
908,vrabcheto,252513016,–ß–∏–Ω–≥–∏—Å –•–∞–Ω,kiberhora,20230110
909,Martetoo,828697881,M.,kiberhora,20230110
910,whiteassist,1283086573,Boris,kiberhora,20230110
911,Daniel_Pa93,1505266641,Daniel,kiberhora,20230106
912,MihailChes,880110005,Mihail,kiberhora,20230110
913,stivanvelev,1649761750,–°.,kiberhora,20230110
914,web3valentin,1137213129,Valentin,kiberhora,20230103
915,Stenl189,5054871376,Steliyan,kiberhora,20221211
916,Ivaka1502,929907513,Ivaylo,kiberhora,20230109
917,Lubomirov86,1366764709,–õ—é–±–æ–º–∏—Ä ‚ñà‚ñà‚ñà] 99.9%,kiberhora,20230106
918,GeorgiRadev93,1324109027,Georgi,kiberhora,20230109
919,sandstorm_d,1612793116,DD,kiberhora,20230110
920,dilkata,1796883924,DSK,kiberhora,20230110
921,Terorch,1020600891,Georgi,kiberhora,20230110
922,lisichkov,1894706979,Momchil,kiberhora,20221210
923,sasho_netpeak,1513068771,Aleksandar,kiberhora,20221210
924,ndndnd11,1337873339,Hfuff,kiberhora,20221224
925,Hectooooor,2045256059,Martin,kiberhora,20230110
926,anikolovv,1202020187,Aleksandar,kiberhora,20230109
927,Surtalev,985970930,Lyubomir,kiberhora,20230110
928,slav_ivanov,547633176,Slav,kiberhora,20230110
929,komboyanov,1638431859,Mihail,kiberhora,20230106
930,vitalsp0t,1923309090,Daniel,kiberhora,20221108
931,IVylchev,1541426611,Iliyan,kiberhora,20230110
932,Vendor7777,607337712,Drippy,kiberhora,20221211
933,danielh23,5018394130,Daniel,kiberhora,20230110
934,Addicted777,1033656694,ADDICTED,kiberhora,20230110
935,dark_p0w3r,74748042,Dark,kiberhora,20230110
936,Filipw201,1148855343,Kantaraw201,kiberhora,20230110
937,yordan_nedyalkov,368537736,Yordan,kiberhora,20230110
938,Gator1221,1018739402,Stanislav,kiberhora,20230110
939,SvetoslavSNC,1014042426,Svetoslav,kiberhora,20230110
940,sargilov,953866304,Simeon,kiberhora,20230109
941,Gggooolllfff,611652326,Mitko,kiberhora,20230110
942,darkval,645232930,val,kiberhora,20221211
943,NikolayChelebiev,1487190150,Nikolay,kiberhora,20230109
944,grigorioss,1179172186,Grigor,kiberhora,20230110
945,Martin0015,840829143,–ú–∞—Ä—Ç–∏–Ω,kiberhora,20221228
946,CrptnftInv,625354387,CrptnftInv,kiberhora,20230110
947,cvetelinyanev,1353749975,Cvetelin,kiberhora,20230110
948,georgipmarkov,1347003701,Georgi,kiberhora,20230107
949,ldors,447927105,V,kiberhora,20230110
950,benevis13,1407173675,Nikolay,kiberhora,20221226
951,Hangelov,840689572,Gorden,kiberhora,20221211
952,newagerbg,1137495818,Joro,kiberhora,20230110
953,kaloyan88,1487450307,kaloyan,kiberhora,20230109
954,azdr99,1908215856,A,kiberhora,20221211
955,palq4o,950004300,&nbsp;,kiberhora,20230110
956,Gammon7,1882098800,Ivan,kiberhora,20230110
957,pavcho,521261049,P.,kiberhora,20230110
958,Horus1234,1444763926,Horus,kiberhora,20230103
959,pizlc,60558183,p,kiberhora,20230110
960,filchef,492108756,filchef üáßüá¨,kiberhora,20230101
961,Farkrel,1774912239,Farkrel,kiberhora,20230110
962,bigdaddyzhu,1618988663,Stefan,kiberhora,20220901
963,vilivaz,1735145502,Vili,kiberhora,20230110
964,SoulBladerMD,1675562262,Ivan,kiberhora,20230106
965,mpaoloo,1763757312,–ú&g,kiberhora,20230110
966,vincentge7,1233827914,Vincent,kiberhora,20221229
967,Bbzdta,476870178,Z,kiberhora,20230110
968,Galfonse,5087699229,Veso,kiberhora,20230110
969,dimidimi22,1856348897,Dimitar,kiberhora,20230109
970,ndelchev,853727295,Nedyalko,kiberhora,20230110
971,karamel4e,119839493,karamel4e [caramel],kiberhora,20230110
972,DDim134,305303251,Ion4ef,kiberhora,20230110
973,gangbang88,5065561046,Yancho,kiberhora,20230109
974,svetoslaviliev,662460158,Svetoslav,kiberhora,20230110
975,Pavelivanov2,2119201301,Pavel,kiberhora,20230110
976,Rei4al,1556795237,–†–∞–¥–∏–Ω–∞,kiberhora,20221211
977,trevomanut,738198789,A,kiberhora,20221211
978,Ramuncho12,1053794040,L,kiberhora,20230110
979,PVuchkov,101912810,P. üáßüá¨,kiberhora,20230110
980,arewq90,1690974406,Plamen,kiberhora,20230110
981,dsgn93,1262475872,DAVID,kiberhora,20230110
982,Ivi889,1461231315,Petar,kiberhora,20230103
983,L0ad3R,1569781904,Radoslav,kiberhora,20230110
984,DeMoSbg,675397212,Kak,kiberhora,20230110
985,ma555555555,606976727,Maria,kiberhora,20230103
986,Galmon78,486575139,Kliment,kiberhora,20221228
987,donchoboev,1707814170,Doncho,kiberhora,20230110
988,Uzunov88,1801235552,Dobromir,kiberhora,20221022
989,iliyanev,856971085,Iliya,kiberhora,20230109
990,ivan9521888,2041783748,Ivan,kiberhora,20220917
991,PB858,555945158,P,kiberhora,20230110
992,SNU_Rubby,1859802437,Rubby,kiberhora,20230110
993,Kirchev75,1908309374,–ú–∏—Ö–∞–∏–ª,kiberhora,20221224
994,The_Black_Pantera,1839253773,Black Panthera,kiberhora,20230110
995,jorvel78,899276507,GB,kiberhora,20230110
996,iampiscesman,2074555583,Konstantin,kiberhora,20221126
997,Ibiza_2003,1638317981,Ibiza_2003,kiberhora,20230109
998,JoMo6,2119412529,Jo,kiberhora,20230103
999,Info365days,741849283,ADMIN,kiberhora,20230108
1000,AKomunakiev,957994809,A,kiberhora,20221211
1001,Dontoni1,671358684,Don,kiberhora,20230110
1002,linpavwork,1019416285,lidocaine,kiberhora,20220916
1003,Dushata,1979160876,Dush,kiberhora,20230110
1004,xdogg,894731171,Spinner,kiberhora,20230110
1005,Dancho032,307084351,Dancho,kiberhora,20230110
1006,IPTV_BEST_EXYU,1046249078,IPTV BEST EXYU,kiberhora,20230107
1007,IvoBGTX,1576403183,Ivo,kiberhora,20221211
1008,ElAmigos7,961223289,–ò–≤–∞–Ω,kiberhora,20230110
1009,TTT666TTT666,653971549,ü§òü§òü§ò,kiberhora,20230110
1010,zzzezx,270979316,Shown,kiberhora,20230110
1011,bl3ssd,1354745107,George J.,kiberhora,20221005
1012,danteo11,1961873104,****,kiberhora,20230103
1013,anti4a,766421669,Emilia,kiberhora,20221213
1014,SEANISA,959319663,‚ö°Ô∏èùêíùêÑùêÄùêç,kiberhora,20230110
1015,Bobi8787,1129631770,Bobi,kiberhora,20230110
1016,Justbusinessmann,1432745375,dan,kiberhora,20230110
1017,Pavkata9701,986124147,P,kiberhora,20230110
1018,MuTko23,2125700097,Dimitar,kiberhora,20230102
1019,Ivan_Kozhuharov,432838565,Ivan,kiberhora,20221208
1020,susuu1993,1520619145,Thuraya,kiberhora,20221228
1021,tanyamadzharovaa,1269994633,Tanya,kiberhora,20230110
1022,maximus8812,1330539062,Kiril,kiberhora,20230110
1023,antyoiu,476961793,–õ—ä—á–µ–∑–∞—Ä,kiberhora,20230110
1024,Julianojema,1319161492,Julian,kiberhora,20230110
1025,SviLLl,381172936,Svil,kiberhora,20230110
1026,mrusnatashema,727836239,üçÜ,kiberhora,20221211
1027,Sivako,422887663,Greyman,kiberhora,20230109
1028,Dapkov,1372881136,Dapkov,kiberhora,20230110
1029,Hamadax24,1708566046,Ahmed,kiberhora,20230108
1030,shyZombie,1253488897,shy,kiberhora,20221107
1031,iv0009,1997335155,üòÄ,kiberhora,20230109
1032,dobbybabby,2102256565,Dobrin,kiberhora,20230104
1033,PDKvarna,1820245389,Vladimir,kiberhora,20221007
1034,Marash82,1122362560,Marash,kiberhora,20230110
1035,r_d_0_0,470122354,R,kiberhora,20221211
1036,Supermani9,355013293,I,kiberhora,20230110
1037,benoa,669300833,benoa,kiberhora,20230110
1038,BaHKoTo,397720264,vanko,kiberhora,20230110
1039,kpopovbg,649573862,Konstantin,kiberhora,20230110
1040,RamonShutri,588968312,Ramon,kiberhora,20230110
1041,krAngell,1565634421,krAngel,kiberhora,20230110
1042,tvidenov,1945014675,Tihomir,kiberhora,20221230
1043,gonzichhh,2005922687,G√∏nzy,kiberhora,20230110
1044,INFENSS,1651764247,Plamen Hristov,kiberhora,20230108
1045,rockfen17,1863197659,Iskren,kiberhora,20230110
1046,XauMaHaTa,550963203,Alex,kiberhora,20230110
1047,Stano787,445847148,DPF,kiberhora,20230110
1048,username_is_not,954969711,Deleted,kiberhora,20230110
1049,bubinna,1228920764,L,kiberhora,20230110
1050,lichev7,1742392928,Lugus Jewelry,kiberhora,20220908
1051,Flexfitshit,458690116,F L E X A,kiberhora,20230110
1052,Lachenmair,1914045325,–•—Ä–∏—Å—Ç–æ,kiberhora,20230110
1053,kotsi8,1778919371,–ö,kiberhora,20230109
1054,Zaprity,1279838707,Zaprity,kiberhora,20230110
1055,JohnyTheFuckinCash,1051101889,Johny,kiberhora,20221211
1056,vdstanchev,381017885,Ventsislav,kiberhora,20230110
1057,hardtechno,900826319,Plan,kiberhora,20230109
1058,emilindzhev,1632470718,Emil,kiberhora,20230109
1059,Aleksander_Matev,2095552702,–ê–ª–µ–∫—Å–∞–Ω–¥—ä—Ä,kiberhora,20230109
1060,Bulliever,735871236,Bobby,kiberhora,20230110
1061,Ateza_admin,1960643132,Ateza Admin,kiberhora,20230110
1062,kkttkkttkktt,539029330,KK,kiberhora,20230110
1063,trezzorr,404053423,Svetoslav,kiberhora,20230108
1064,ivchoivanov,317712736,ivcho,kiberhora,20230110
1065,mariela71,562788523,Mariela,kiberhora,20230110
1066,TsvetanovTsvetan,954272580,"–¶–≤–µ—Ç–∞–Ω–æ–≤, –¶–≤–µ—Ç–∞–Ω –¶–≤–µ—Ç–∞–Ω–æ–≤",kiberhora,20230110
1067,Fir3Pr00f,1775892484,Plamen,kiberhora,20230109
1068,trajandanev,1342696968,Trajan,kiberhora,20230110
1069,martinelliii,1262769360,Marto,kiberhora,20221219
1070,Flippy89,1621990536,Floppy,kiberhora,20221215
1071,VenetaG,1362814055,Veneta,kiberhora,20230110
1072,svetliopi44,353004276,svetliopi44,kiberhora,20230110
1073,l4m3g1rl,500543585,Gal,kiberhora,20230110
1074,arsova,1069793709,Stanislava,kiberhora,20230110
1075,Dankk1,927960557,Dan,kiberhora,20230110
1076,Sonya196,770753134,Sonya Yotsova,kiberhora,20230110
1077,Miro_T,266751026,Miro,kiberhora,20230110
1078,nesebar,373557643,Toma,kiberhora,20230110
1079,ggiman,907831013,Georgi,kiberhora,20230108
1080,Razlikok,1853264297,Milen,kiberhora,20230110
1081,itsibits,443281335,ItsiBits,kiberhora,20230110
1082,NqNtppt_1944,1462452953,Martin,kiberhora,20230107
1083,rtx17z,1435771497,Svetlozar,kiberhora,20230110
1084,ManolovDaniel,1390027080,Daniel,kiberhora,20230109
1085,Nadya_Petrovva,791725325,Nadya,kiberhora,20230110
1086,wassilzaza,952208925,Vasil,kiberhora,20230110
1087,Ludakis,801064142,Ludakis,kiberhora,20221213
1088,Vladko7o,2048067107,Vadimir,kiberhora,20230103
1089,danik79999,409077241,Y,kiberhora,20230110
1090,HaneleHelenaH,1195547825,–•–µ–ª–µ–Ω–∞,kiberhora,20230103
1091,pramataro,717231789,S,kiberhora,20230109
1092,Macky16,535376307,Mladen,kiberhora,20230110
1093,Siskataa,1597184571,Siska,kiberhora,20230110
1094,bashta_tii,870662118,123,kiberhora,20230110
1095,BossLaady,896525899,Boss,kiberhora,20230110
1096,tsarivailo,1538272269,Tsar,kiberhora,20230110
1097,stoyanbo,300366679,Stoyan,kiberhora,20230110
1098,D_Stanev,1551059203,–°—Ç–∞–Ω–µ–≤,kiberhora,20230110
1099,Ivanov_86,1591210547,vladi,kiberhora,20230103
1100,private0987,1523434464,Plamen,kiberhora,20230110
1101,PaKoev,666728772,Pavkov82,kiberhora,20230109
1102,ivo4321,577549003,Ivaylo,kiberhora,20221224
1103,CryptomonsterCZ1,1681426543,Aleks,kiberhora,20221213
1104,MrDonev,1819308745,Petar,kiberhora,20221226
1105,userswe,1527266460,Mario Trayanov,kiberhora,20230103
1106,Hris19,1200980569,–•,kiberhora,20230110
1107,bonbon0966,1513468463,Anton,kiberhora,20221203
1108,techobg,307218190,Stefan,kiberhora,20230103
1109,mishmashmoi,1711820858,Mishaka,kiberhora,20230110
1110,alexvel67,551613017,Aleksandar,kiberhora,20230110
1111,ickii70,577695297,Hristo,kiberhora,20230109
1112,krumdi,1146068374,K,kiberhora,20230109
1113,syseda,505852265,Valdes,kiberhora,20230110
1114,Managemycrypto,634186152,@ùïÑùïíùïüùïíùïòùïñùïûùï™‚ÑÇùï£ùï™ùï°ùï•ùï†‚àû¬≤ ‚Çø,kiberhora,20230110
1115,Saskz27,1235775589,Alexander,kiberhora,20230109
1116,niksan9393,1385068897,–ù–∏–∫–æ–ª–∞–π,kiberhora,20230110
1117,vvoynov,1721668276,Vladislav,kiberhora,20230110
1118,CHAVDARY,479704933,Chavdar,kiberhora,20230109
1119,sh0lev,1111078813,Dimitar,kiberhora,20221230
1120,bateVentci,524948747,Bate,kiberhora,20230110
1121,PMadjuroff,649774096,madjuroff,kiberhora,20230109
1122,Asdfg990,615323797,N,kiberhora,20230110
1123,Niko_HG,1169318470,N.,kiberhora,20230109
1124,wersafe,1039245685,Vera,kiberhora,20230109
1125,McLaren_Pulse,1285367029,Eva,kiberhora,20230110
1126,magiiko,501171659,Bozhidar,kiberhora,20221231
1127,hsgsvsku,678183205,Rostislav,kiberhora,20230110
1128,simmo_pld,823331860,Simeon,kiberhora,20221231
1129,NikolayNSC,1343261428,NC,kiberhora,20221230
1130,ivan68bg,1033739433,Ivan,kiberhora,20230109
1131,Kiril_i_p,1675430301,Kiril,kiberhora,20230110
1132,AsenAleksiev,1075212318,Asen,kiberhora,20230109
1133,defiancebg,517012444,Ahgpuah,kiberhora,20230110
1134,raykobg,371881193,R,kiberhora,20230110
1135,Graf4eto,181956951,Gf4eto,kiberhora,20230110
1136,Azdarit,528526843,Del,kiberhora,20230110
1137,denibg,316938889,Deyan,kiberhora,20230103
1138,naydenov26,1917627114,Atanas,kiberhora,20230110
1139,MakeMoneyMan,201084509,Svet,kiberhora,20230110
1140,ptodorov,187660452,Plamen,kiberhora,20230103
1141,Milev05,1389099124,Milko,kiberhora,20230110
1142,sk12392,389899776,sk12392,kiberhora,20230103
1143,MartinT1973,825329503,Martin,kiberhora,20230104
1144,npenchev,1869449279,Nikolay,kiberhora,20230108
1145,Jack937937,537909482,Jack,kiberhora,20230108
1146,E_N_Z_O,210984559,Pavel,kiberhora,20230110
1147,ivelin_i,464568469,Ivelin,kiberhora,20230110
1148,PlamenRa,502668437,Plamen,kiberhora,20230109
1149,bgrigorov,1284403777,Borislav,kiberhora,20221220
1150,MethoDManmk,1257531568,MethoD,kiberhora,20230109
1151,koprivlenski77,1889716579,Koprivlenski1,kiberhora,20230108
1152,Illllllll1,1026669114,G *+*,kiberhora,20230110
1153,Mirvam23,149928204,Mir,kiberhora,20230110
1154,Zzrbe12,1105838201,–•—Ä–∏—Å—Ç–æ,kiberhora,20230110
1155,kimchoPC,1653102427,KimchoPC,kiberhora,20230110
1156,Emi4a,497523276,Emil,kiberhora,20230103
1157,VasWtf,1260041488,V,kiberhora,20230110
1158,soulcontrol,369177980,Dimitar,kiberhora,20230110
1159,i4eto,776929516,Iva,kiberhora,20230110
1160,popovski_plamen,508628227,Plamen,kiberhora,20221109
1161,dontfadeawayx,911397886,Peter,kiberhora,20230110
1162,ivansemkov,1246748570,Ivan,kiberhora,20230110
1163,gigor123,835736233,Oktagon,kiberhora,20230110
1164,tsveti_p,1846774916,tsv,kiberhora,20220716
1165,NedSuccess,393493161,Nedelin,kiberhora,20230110
1166,danailkoev,473713073,Danail,kiberhora,20230110
1167,ajauywgw322,1279727500,Nrcs,kiberhora,20230110
